data,BTC,ETH,BNB,TRX,HYPE,WBT,XMR,OKB,PUMP,MORPHO,SKY,BTW,JST,VVV,MON,KAU,PIEVERSE,TIBBIR,AKE,CASHCAT,DRV
2026-07-01,0.000,0.000,0.000,0.000,0.000,0.000,0.000,0.000,0.000,0.000,0.000,0.000,0.000,0.000,0.000,0.000,0.000,0.000,0.000,0.000,0.000
2026-07-02,1.665,4.634,0.677,0.220,4.048,0.621,2.222,0.839,6.232,-1.999,10.800,-4.890,-0.809,-2.947,-0.190,-0.764,1.139,-0.220,1.291,0.356,6.986
2026-07-03,3.498,8.369,3.507,1.900,11.739,2.904,4.406,1.354,14.115,-6.965,10.458,-9.165,2.095,-3.124,2.085,1.760,7.439,1.634,10.569,6.472,2.837
2026-07-04,4.497,10.099,4.138,2.784,10.558,3.703,5.997,1.064,9.269,-7.561,6.338,-5.297,2.189,-9.109,3.947,3.438,3.315,8.764,-22.625,18.002,-0.624
2026-07-05,5.385,10.364,6.787,3.840,12.940,3.500,5.940,0.349,14.795,-8.375,6.178,10.951,3.831,-11.428,6.253,1.561,2.131,10.433,-24.171,26.326,3.748
2026-07-06,6.259,11.382,6.202,3.986,12.285,4.653,4.328,-0.085,13.733,-6.794,6.189,-5.922,5.221,-14.386,24.144,1.510,2.073,22.698,-22.389,64.272,5.700
2026-07-07,5.104,9.478,4.507,4.725,10.075,2.335,8.004,-0.357,9.408,-4.324,1.509,-5.096,5.953,-21.106,22.155,-0.021,-0.319,18.015,-50.230,229.560,3.014
2026-07-08,3.086,7.345,2.573,4.041,5.985,0.066,3.763,-1.472,4.143,-2.987,5.858,-0.337,7.868,-15.321,13.882,-0.901,0.149,1.952,-50.202,2258.588,1.789
2026-07-09,4.574,7.792,3.039,4.962,6.095,1.344,1.424,-0.575,3.440,7.379,5.337,-3.961,12.863,-14.969,15.057,0.785,0.439,13.492,-51.352,2366.370,5.518
2026-07-10,6.055,10.714,4.047,4.367,6.544,1.709,3.587,0.821,2.364,3.898,12.112,-4.071,15.576,-16.449,14.228,0.984,1.869,28.102,-51.078,3297.218,8.903
2026-07-11,6.211,11.850,4.822,4.288,6.785,2.180,3.982,1.091,-1.155,0.278,11.378,-10.703,14.611,-21.747,11.751,-1.256,2.762,28.421,-48.329,4871.265,15.245
2026-07-12,5.690,11.302,3.711,4.675,6.076,1.704,5.124,0.722,1.038,-6.647,11.717,-10.391,14.948,-22.442,13.549,0.232,-1.805,14.845,-51.129,3456.693,14.447
2026-07-13,2.399,8.403,2.072,2.406,-0.237,-1.228,3.428,0.449,2.557,-5.800,13.661,-9.167,12.571,-22.646,9.499,-1.656,-3.200,6.906,-52.407,3182.586,8.239
2026-07-14,7.304,16.073,5.077,2.934,3.718,2.910,6.575,1.643,3.856,-3.249,14.307,-12.218,13.563,-18.760,12.525,-0.129,-1.864,20.415,-51.979,3642.822,44.017
2026-07-15,7.310,18.595,4.957,2.499,5.870,3.311,6.207,2.294,17.088,-4.050,17.731,-9.993,11.908,-19.468,11.094,0.121,-0.114,1.966,66.517,2203.129,36.724
2026-07-16,5.808,15.281,3.637,2.107,-2.297,1.730,8.311,0.600,18.645,-2.433,15.722,-9.876,9.959,-20.483,6.563,-2.198,-6.286,12.845,143.711,1491.504,26.942
2026-07-17,5.842,13.491,2.528,1.927,-5.613,1.186,6.373,1.412,15.494,-6.626,11.484,-9.726,10.667,-17.587,8.767,-1.511,-3.309,4.619,263.257,1386.840,21.549
2026-07-18,7.207,14.960,3.027,2.901,-4.476,2.320,8.214,1.792,15.992,-3.799,17.066,-6.065,11.510,-13.222,7.376,-1.832,-3.293,9.030,386.766,1307.057,17.239
2026-07-19,6.974,15.313,3.078,3.272,-3.677,2.280,8.194,0.664,36.830,-4.647,14.941,1.156,9.758,-14.841,5.443,-2.124,-6.366,3.475,383.435,1684.032,14.474
2026-07-20,7.748,16.874,2.961,3.155,-1.682,2.946,8.896,1.682,39.799,-5.682,15.346,0.544,14.887,-15.515,13.797,-1.419,-0.149,3.791,332.115,1490.305,15.862
2026-07-21,9.682,18.463,3.459,3.983,-4.032,4.743,14.316,2.856,39.879,-1.933,18.465,9.074,13.972,-7.511,14.161,-0.204,-0.333,2.384,331.824,1407.897,12.203
2026-07-22,9.251,19.533,3.214,3.763,-6.525,4.344,13.479,2.822,33.441,-8.538,20.595,-0.101,15.397,-9.866,14.481,1.554,-0.846,1.060,321.745,1050.425,13.247
2026-07-23,7.847,16.182,2.587,3.767,-8.851,2.843,14.899,2.245,27.854,-7.096,15.135,-0.519,13.870,-12.655,11.388,-0.343,-2.383,-2.879,537.082,872.768,10.423
2026-07-24,6.109,14.687,2.045,4.352,-9.457,1.594,17.358,2.839,28.244,-8.348,8.744,0.267,16.406,-8.756,8.559,-0.056,-2.709,-3.573,585.579,1014.132,7.403
2026-07-25,6.528,15.694,2.871,4.671,-8.156,2.080,17.511,4.084,24.496,-4.924,9.273,13.792,17.467,-2.354,2.634,-0.329,-4.439,-5.467,696.895,1048.764,6.754
2026-07-26,8.215,20.283,3.958,4.862,-5.776,4.118,14.505,5.982,43.414,-6.452,10.192,9.131,18.970,2.074,6.183,-1.594,6.820,3.358,679.623,880.449,6.503
2026-07-27,5.419,16.601,2.277,2.863,-11.419,1.431,11.712,7.315,46.996,-7.599,3.862,11.181,16.607,-5.012,0.067,0.628,-1.606,-1.253,1001.044,634.344,-0.422
2026-07-28,5.417,17.780,2.693,2.402,-13.420,1.519,9.852,7.641,37.229,-4.483,6.426,43.060,13.202,-3.552,4.771,-0.539,-2.920,7.864,961.316,736.177,-3.577
2026-07-29,5.703,17.382,3.113,2.878,-15.105,1.589,13.496,6.708,30.655,-7.105,7.926,25.415,12.575,-7.850,3.455,0.070,-3.013,-2.880,866.832,863.193,-10.502
2026-07-30,7.265,18.716,7.043,3.832,-11.684,2.797,17.814,8.546,39.392,-3.712,8.185,25.722,15.979,-9.827,7.545,1.640,-1.645,0.860,1013.041,947.288,-11.710
2026-07-31,4.121,14.841,6.064,3.010,-17.130,-0.207,15.481,7.739,41.891,-5.015,6.545,47.582,16.612,-13.542,2.123,-0.393,-2.686,-11.175,1012.912,800.800,6.751
2026-08-01,3.945,13.966,4.025,3.457,-17.674,-0.487,17.182,8.012,47.687,-7.777,5.008,35.593,18.180,-14.102,2.482,1.274,3.523,-10.450,1382.189,765.873,-0.333
2026-08-02,4.892,16.026,6.228,3.156,-16.910,0.371,17.609,7.948,46.547,-7.785,5.234,19.889,19.959,-12.968,3.882,-1.434,14.624,-10.833,1118.198,874.313,-8.213
2026-08-03,5.155,14.632,6.466,3.807,-14.840,0.137,16.897,7.723,48.423,-8.217,5.354,59.631,19.197,-8.420,6.968,-0.581,11.647,-9.375,1042.766,1282.402,-10.036
2026-08-04,6.246,15.564,7.205,3.359,-12.948,0.956,13.711,8.644,71.473,-10.041,4.767,103.623,20.246,-12.983,2.716,0.304,16.479,-3.280,987.157,1512.173,-5.875
2026-08-05,6.841,17.506,6.993,3.361,-10.426,1.732,17.762,7.202,69.061,-10.284,5.504,143.663,19.694,-14.965,4.342,5.058,16.335,2.994,930.139,2483.806,-6.337
2026-08-06,6.420,17.431,6.913,3.331,-11.343,1.285,19.184,6.798,65.994,-9.301,3.683,185.324,19.473,-15.963,1.836,4.435,13.007,-4.067,946.372,2185.482,-9.209
2026-08-07,7.342,18.102,7.088,3.425,-14.462,2.004,21.428,13.138,58.501,-12.587,2.614,222.552,19.224,-16.590,3.331,5.544,10.607,-5.291,915.376,1997.968,-9.789
2026-08-08,7.424,18.198,8.410,3.851,-13.099,2.089,22.190,17.103,68.414,-8.443,1.441,207.344,13.516,-16.715,3.195,5.609,18.551,-4.739,890.724,2507.333,-8.960
2026-08-09,7.600,18.337,9.299,4.095,-14.585,2.206,26.661,17.672,88.706,-7.845,0.061,230.010,14.758,-14.180,4.380,2.163,16.785,1.790,969.456,2930.672,-9.538
2026-08-10,5.854,15.602,8.222,4.375,-12.949,0.353,27.821,18.803,95.641,-8.779,-1.371,191.797,14.833,-12.936,8.229,8.055,15.189,20.017,911.152,3297.824,-11.698
2026-08-11,5.206,15.935,10.867,5.744,-14.240,0.105,21.896,18.782,88.585,-6.667,-0.369,206.422,13.679,-15.502,6.564,7.514,10.896,27.621,983.046,3068.177,-8.535
2026-08-12,4.890,15.791,10.151,5.971,-11.464,-0.194,26.298,22.905,89.533,-5.922,-1.047,295.351,14.559,-14.450,7.866,8.290,11.462,44.467,921.849,3449.264,-7.643
2026-08-13,5.029,16.371,10.283,5.504,-9.303,-0.095,27.715,28.337,102.808,-6.739,0.143,305.404,19.085,-9.768,6.671,7.181,8.057,40.058,1453.128,3438.506,-11.601
2026-08-14,4.003,15.899,9.583,5.039,-10.909,-0.932,28.545,33.576,99.214,-8.031,-4.245,380.595,18.775,-11.169,4.360,9.046,18.077,59.818,2558.387,2734.062,-13.379
2026-08-15,4.404,16.172,10.030,4.636,-10.152,-0.585,31.865,32.582,91.159,-6.910,-3.803,360.660,21.388,-9.844,3.545,6.350,21.025,69.970,2540.909,2485.253,-13.335
2026-08-16,4.137,15.719,8.798,4.591,-9.553,-0.863,32.876,30.284,87.035,-5.236,-0.400,479.886,22.898,-13.348,1.532,9.171,25.688,62.337,2369.630,2114.499,-1.147
2026-08-17,6.336,17.418,9.202,4.616,-6.681,0.879,33.903,24.549,90.666,0.361,1.294,432.680,21.908,-1.602,4.218,8.591,37.147,64.510,2128.733,2339.184,-11.975
2026-08-18,6.981,18.090,8.974,5.092,-7.789,1.313,32.807,25.532,110.440,-0.684,4.696,534.616,21.069,2.620,5.061,6.753,28.141,97.942,2176.824,1965.387,-13.480
2026-08-19,14.581,38.565,13.324,5.427,11.867,8.151,38.043,28.357,109.772,3.588,12.453,501.148,17.536,5.545,11.279,11.319,35.579,119.391,2110.772,2416.084,-8.201
2026-08-20,20.313,42.805,18.223,7.287,16.271,10.278,35.235,34.076,164.654,10.000,16.271,536.706,21.380,6.637,29.754,11.439,40.868,123.115,2078.322,2585.967,-8.921
2026-08-21,29.781,55.617,24.827,8.390,20.201,32.208,32.030,33.848,177.934,13.256,26.570,625.520,20.726,18.921,44.547,13.753,64.021,142.019,1989.826,2736.358,11.439
2026-08-22,27.471,48.946,25.314,8.946,24.439,30.539,40.714,37.842,251.189,8.017,21.931,565.621,18.388,22.572,41.020,13.761,38.620,134.174,2125.790,2600.601,5.041
2026-08-23,28.277,51.203,26.894,8.640,30.266,31.661,37.675,40.539,271.853,35.368,29.175,555.271,17.426,22.941,48.204,,41.339,141.201,2046.203,3120.619,21.820
2026-08-24,30.756,52.815,26.985,8.566,22.399,33.209,43.421,43.889,228.566,23.132,26.393,565.762,14.678,22.936,58.457,14.251,51.308,128.867,2093.858,4069.704,47.922
